time,gain,x,dx
0,1.5,0,1.5
0.2,1.5,0.30000000000000004,1.5
0.4,1.5,0.6000000000000001,1.5
0.6000000000000001,1.5,0.9000000000000001,1.5
0.8,1.5,1.2000000000000002,1.5
1,1.5,1.5000000000000002,1.5