time,gain,x,dx
0,1.5,0,1.5
0.2,1.5,0.30000000000000004,1.5
0.4,1.5,0.6000000000000001,1.5
0.6000000000000001,1.5,0.9000000000000001,1.5